{"cameraMode":{"drawMode":0,"name":"Shaded","section":"Shading Mode"},"sceneLighting":true,"audioPlay":false,"sceneViewState":{"m_AlwaysRefresh":false,"showFog":true,"showSkybox":true,"showFlares":true,"showImageEffects":true,"showParticleSystems":true,"showVisualEffectGraphs":true,"m_FxEnabled":true},"in2DMode":false,"pivot":{"x":2.203883409500122,"y":-11.292561531066895,"z":9.958224296569825},"rotation":{"x":0.5396590828895569,"y":0.12916599214076997,"z":-0.08421187102794647,"w":0.8276442289352417},"size":13.239158630371094,"orthographic":false}