{"cameraMode":{"drawMode":0,"name":"Shaded","section":"Shading Mode"},"sceneLighting":true,"audioPlay":false,"sceneViewState":{"m_AlwaysRefresh":false,"showFog":true,"showSkybox":true,"showFlares":true,"showImageEffects":true,"showParticleSystems":true,"showVisualEffectGraphs":true,"m_FxEnabled":true},"in2DMode":false,"pivot":{"x":54.26714324951172,"y":-120.41382598876953,"z":164.09751892089845},"rotation":{"x":0.3618491590023041,"y":-0.05231617018580437,"z":0.020462382584810258,"w":0.9307211637496948},"size":130.93807983398438,"orthographic":false}