{"cameraMode":{"drawMode":0,"name":"Shaded","section":"Shading Mode"},"sceneLighting":true,"audioPlay":false,"sceneViewState":{"m_AlwaysRefresh":false,"showFog":true,"showSkybox":true,"showFlares":true,"showImageEffects":true,"showParticleSystems":true,"showVisualEffectGraphs":true,"m_FxEnabled":true},"in2DMode":false,"pivot":{"x":190.3665008544922,"y":43.265560150146487,"z":-15.45995044708252},"rotation":{"x":0.19411371648311616,"y":-0.37505948543548586,"z":0.08080124855041504,"w":0.9030185341835022},"size":21.52689552307129,"orthographic":false}